,symboling,normalized-losses,num-of-doors,wheel-base,length,width,height,curb-weight,num-of-cylinders,engine-size,bore,stroke,compression-ratio,horsepower,peak-rpm,city-mpg,highway-mpg,price,horsepower-binned,fuel-type-diesel,fuel-type-gas,aspiration-std,aspiration-turbo,make_alfa-romero,make_audi,make_bmw,make_chevrolet,make_dodge,make_honda,make_isuzu,make_jaguar,make_mazda,make_mercedes-benz,make_mercury,make_mitsubishi,make_nissan,make_peugot,make_plymouth,make_porsche,make_renault,make_saab,make_subaru,make_toyota,make_volkswagen,make_volvo,body-style_convertible,body-style_hardtop,body-style_hatchback,body-style_sedan,body-style_wagon,drive-wheels_4wd,drive-wheels_fwd,drive-wheels_rwd,engine-location_front,engine-location_rear,engine-type_dohc,engine-type_dohcv,engine-type_l,engine-type_ohc,engine-type_ohcf,engine-type_ohcv,engine-type_rotor,fuel-system_1bbl,fuel-system_2bbl,fuel-system_4bbl,fuel-system_idi,fuel-system_mfi,fuel-system_mpfi,fuel-system_spdi,fuel-system_spfi
0,3,122.00,2,88.60,168.80,64.10,48.80,2548,4,130,3.47,2.68,9.00,111,5000,21.00,27.00,13495,2,0,1,1,0,1,0,0,0,0,0,0,0,0,0,0,0,0,0,0,0,0,0,0,0,0,0,1,0,0,0,0,0,0,1,1,0,1,0,0,0,0,0,0,0,0,0,0,0,1,0,0
1,3,122.00,2,88.60,168.80,64.10,48.80,2548,4,130,3.47,2.68,9.00,111,5000,21.00,27.00,16500,2,0,1,1,0,1,0,0,0,0,0,0,0,0,0,0,0,0,0,0,0,0,0,0,0,0,0,1,0,0,0,0,0,0,1,1,0,1,0,0,0,0,0,0,0,0,0,0,0,1,0,0
2,1,122.00,2,94.50,171.20,65.50,52.40,2823,6,152,2.68,3.47,9.00,154,5000,19.00,26.00,16500,3,0,1,1,0,1,0,0,0,0,0,0,0,0,0,0,0,0,0,0,0,0,0,0,0,0,0,0,0,1,0,0,0,0,1,1,0,0,0,0,0,0,1,0,0,0,0,0,0,1,0,0
3,2,164.00,4,99.80,176.60,66.20,54.30,2337,4,109,3.19,3.40,10.00,102,5500,24.00,30.00,13950,2,0,1,1,0,0,1,0,0,0,0,0,0,0,0,0,0,0,0,0,0,0,0,0,0,0,0,0,0,0,1,0,0,1,0,1,0,0,0,0,1,0,0,0,0,0,0,0,0,1,0,0
4,2,164.00,4,99.40,176.60,66.40,54.30,2824,5,136,3.19,3.40,8.00,115,5500,18.00,22.00,17450,2,0,1,1,0,0,1,0,0,0,0,0,0,0,0,0,0,0,0,0,0,0,0,0,0,0,0,0,0,0,1,0,1,0,0,1,0,0,0,0,1,0,0,0,0,0,0,0,0,1,0,0
5,2,122.00,2,99.80,177.30,66.30,53.10,2507,5,136,3.19,3.40,8.50,110,5500,19.00,25.00,15250,2,0,1,1,0,0,1,0,0,0,0,0,0,0,0,0,0,0,0,0,0,0,0,0,0,0,0,0,0,0,1,0,0,1,0,1,0,0,0,0,1,0,0,0,0,0,0,0,0,1,0,0
6,1,158.00,4,105.80,192.70,71.10,55.70,2844,5,136,3.19,3.40,8.50,110,5500,19.00,25.00,17710,2,0,1,1,0,0,1,0,0,0,0,0,0,0,0,0,0,0,0,0,0,0,0,0,0,0,0,0,0,0,1,0,0,1,0,1,0,0,0,0,1,0,0,0,0,0,0,0,0,1,0,0
7,1,122.00,4,105.80,192.70,71.10,55.70,2954,5,136,3.19,3.40,8.50,110,5500,19.00,25.00,18920,2,0,1,1,0,0,1,0,0,0,0,0,0,0,0,0,0,0,0,0,0,0,0,0,0,0,0,0,0,0,0,1,0,1,0,1,0,0,0,0,1,0,0,0,0,0,0,0,0,1,0,0
8,1,158.00,4,105.80,192.70,71.10,55.90,3086,5,131,3.13,3.40,8.30,140,5500,17.00,20.00,23875,3,0,1,0,1,0,1,0,0,0,0,0,0,0,0,0,0,0,0,0,0,0,0,0,0,0,0,0,0,0,1,0,0,1,0,1,0,0,0,0,1,0,0,0,0,0,0,0,0,1,0,0
9,0,122.00,2,99.50,178.20,67.90,52.00,3053,5,131,3.13,3.40,7.40,160,5500,16.00,22.00,13207,3,0,1,0,1,0,1,0,0,0,0,0,0,0,0,0,0,0,0,0,0,0,0,0,0,0,0,0,0,1,0,0,1,0,0,1,0,0,0,0,1,0,0,0,0,0,0,0,0,1,0,0
10,2,191.00,2,101.20,176.80,64.80,54.30,2395,4,108,3.50,2.80,8.80,101,5800,23.00,29.00,16430,2,0,1,1,0,0,0,1,0,0,0,0,0,0,0,0,0,0,0,0,0,0,0,0,0,0,0,0,0,0,1,0,0,0,1,1,0,0,0,0,1,0,0,0,0,0,0,0,0,1,0,0
11,0,191.00,4,101.20,176.80,64.80,54.30,2395,4,108,3.50,2.80,8.80,101,5800,23.00,29.00,16925,2,0,1,1,0,0,0,1,0,0,0,0,0,0,0,0,0,0,0,0,0,0,0,0,0,0,0,0,0,0,1,0,0,0,1,1,0,0,0,0,1,0,0,0,0,0,0,0,0,1,0,0
12,0,188.00,2,101.20,176.80,64.80,54.30,2710,6,164,3.31,3.19,9.00,121,4250,21.00,28.00,20970,2,0,1,1,0,0,0,1,0,0,0,0,0,0,0,0,0,0,0,0,0,0,0,0,0,0,0,0,0,0,1,0,0,0,1,1,0,0,0,0,1,0,0,0,0,0,0,0,0,1,0,0
13,0,188.00,4,101.20,176.80,64.80,54.30,2765,6,164,3.31,3.19,9.00,121,4250,21.00,28.00,21105,2,0,1,1,0,0,0,1,0,0,0,0,0,0,0,0,0,0,0,0,0,0,0,0,0,0,0,0,0,0,1,0,0,0,1,1,0,0,0,0,1,0,0,0,0,0,0,0,0,1,0,0
14,1,122.00,4,103.50,189.00,66.90,55.70,3055,6,164,3.31,3.19,9.00,121,4250,20.00,25.00,24565,2,0,1,1,0,0,0,1,0,0,0,0,0,0,0,0,0,0,0,0,0,0,0,0,0,0,0,0,0,0,1,0,0,0,1,1,0,0,0,0,1,0,0,0,0,0,0,0,0,1,0,0
15,0,122.00,4,103.50,189.00,66.90,55.70,3230,6,207,3.62,3.39,8.00,182,5400,16.00,22.00,29568,3,0,1,1,0,0,0,1,0,0,0,0,0,0,0,0,0,0,0,0,0,0,0,0,0,0,0,0,0,0,1,0,0,0,1,1,0,0,0,0,1,0,0,0,0,0,0,0,0,1,0,0
16,0,122.00,2,103.50,193.80,67.90,53.70,3380,6,207,3.62,3.39,8.00,182,5400,16.00,22.00,29568,3,0,1,1,0,0,0,1,0,0,0,0,0,0,0,0,0,0,0,0,0,0,0,0,0,0,0,0,0,0,1,0,0,0,1,1,0,0,0,0,1,0,0,0,0,0,0,0,0,1,0,0
17,0,122.00,4,110.00,197.00,70.90,56.30,3505,6,207,3.62,3.39,8.00,182,5400,15.00,20.00,29568,3,0,1,1,0,0,0,1,0,0,0,0,0,0,0,0,0,0,0,0,0,0,0,0,0,0,0,0,0,0,1,0,0,0,1,1,0,0,0,0,1,0,0,0,0,0,0,0,0,1,0,0
18,2,121.00,2,88.40,141.10,60.30,53.20,1488,3,61,2.91,3.03,9.50,48,5100,46.50,47.50,5151,1,0,1,1,0,0,0,0,1,0,0,0,0,0,0,0,0,0,0,0,0,0,0,0,0,0,0,0,0,1,0,0,0,1,0,1,0,0,0,1,0,0,0,0,0,1,0,0,0,0,0,0
19,1,98.00,2,94.50,155.90,63.60,52.00,1874,4,90,3.03,3.11,9.60,70,5400,38.00,43.00,6295,1,0,1,1,0,0,0,0,1,0,0,0,0,0,0,0,0,0,0,0,0,0,0,0,0,0,0,0,0,1,0,0,0,1,0,1,0,0,0,0,1,0,0,0,0,1,0,0,0,0,0,0
20,0,81.00,4,94.50,158.80,63.60,52.00,1909,4,90,3.03,3.11,9.60,70,5400,38.00,43.00,6575,1,0,1,1,0,0,0,0,1,0,0,0,0,0,0,0,0,0,0,0,0,0,0,0,0,0,0,0,0,0,1,0,0,1,0,1,0,0,0,0,1,0,0,0,0,1,0,0,0,0,0,0
21,1,118.00,2,93.70,157.30,63.80,50.80,1876,4,90,2.97,3.23,9.41,68,5500,37.00,41.00,5572,1,0,1,1,0,0,0,0,0,1,0,0,0,0,0,0,0,0,0,0,0,0,0,0,0,0,0,0,0,1,0,0,0,1,0,1,0,0,0,0,1,0,0,0,0,1,0,0,0,0,0,0
22,1,118.00,2,93.70,157.30,63.80,50.80,1876,4,90,2.97,3.23,9.40,68,5500,31.00,38.00,6377,1,0,1,1,0,0,0,0,0,1,0,0,0,0,0,0,0,0,0,0,0,0,0,0,0,0,0,0,0,1,0,0,0,1,0,1,0,0,0,0,1,0,0,0,0,1,0,0,0,0,0,0
23,1,118.00,2,93.70,157.30,63.80,50.80,2128,4,98,3.03,3.39,7.60,102,5500,24.00,30.00,7957,2,0,1,0,1,0,0,0,0,1,0,0,0,0,0,0,0,0,0,0,0,0,0,0,0,0,0,0,0,1,0,0,0,1,0,1,0,0,0,0,1,0,0,0,0,0,0,0,0,1,0,0
24,1,148.00,4,93.70,157.30,63.80,50.60,1967,4,90,2.97,3.23,9.40,68,5500,31.00,38.00,6229,1,0,1,1,0,0,0,0,0,1,0,0,0,0,0,0,0,0,0,0,0,0,0,0,0,0,0,0,0,1,0,0,0,1,0,1,0,0,0,0,1,0,0,0,0,1,0,0,0,0,0,0
25,1,148.00,4,93.70,157.30,63.80,50.60,1989,4,90,2.97,3.23,9.40,68,5500,31.00,38.00,6692,1,0,1,1,0,0,0,0,0,1,0,0,0,0,0,0,0,0,0,0,0,0,0,0,0,0,0,0,0,0,1,0,0,1,0,1,0,0,0,0,1,0,0,0,0,1,0,0,0,0,0,0
26,1,148.00,4,93.70,157.30,63.80,50.60,1989,4,90,2.97,3.23,9.40,68,5500,31.00,38.00,7609,1,0,1,1,0,0,0,0,0,1,0,0,0,0,0,0,0,0,0,0,0,0,0,0,0,0,0,0,0,0,1,0,0,1,0,1,0,0,0,0,1,0,0,0,0,1,0,0,0,0,0,0
27,1,148.00,4,93.70,157.30,63.80,50.60,2191,4,98,3.03,3.39,7.60,102,5500,24.00,30.00,8558,2,0,1,0,1,0,0,0,0,1,0,0,0,0,0,0,0,0,0,0,0,0,0,0,0,0,0,0,0,0,1,0,0,1,0,1,0,0,0,0,1,0,0,0,0,0,0,0,0,1,0,0
28,-1,110.00,4,103.30,174.60,64.60,59.80,2535,4,122,3.34,3.46,8.50,88,5000,24.00,30.00,8921,1,0,1,1,0,0,0,0,0,1,0,0,0,0,0,0,0,0,0,0,0,0,0,0,0,0,0,0,0,0,0,1,0,1,0,1,0,0,0,0,1,0,0,0,0,1,0,0,0,0,0,0
29,3,145.00,2,95.90,173.20,66.30,50.20,2811,4,156,3.60,3.86,7.40,145,5000,19.00,24.00,12964,3,0,1,0,1,0,0,0,0,1,0,0,0,0,0,0,0,0,0,0,0,0,0,0,0,0,0,0,0,1,0,0,0,1,0,1,0,0,0,0,1,0,0,0,0,0,0,0,1,0,0,0
30,2,137.00,2,86.60,144.60,63.90,50.80,1713,4,92,2.91,3.41,9.60,58,4800,46.50,47.50,6479,1,0,1,1,0,0,0,0,0,0,1,0,0,0,0,0,0,0,0,0,0,0,0,0,0,0,0,0,0,1,0,0,0,1,0,1,0,0,0,0,1,0,0,0,1,0,0,0,0,0,0,0
31,2,137.00,2,86.60,144.60,63.90,50.80,1819,4,92,2.91,3.41,9.20,76,6000,31.00,38.00,6855,1,0,1,1,0,0,0,0,0,0,1,0,0,0,0,0,0,0,0,0,0,0,0,0,0,0,0,0,0,1,0,0,0,1,0,1,0,0,0,0,1,0,0,0,1,0,0,0,0,0,0,0
32,1,101.00,2,93.70,150.00,64.00,52.60,1837,4,79,2.91,3.07,10.10,60,5500,38.00,42.00,5399,1,0,1,1,0,0,0,0,0,0,1,0,0,0,0,0,0,0,0,0,0,0,0,0,0,0,0,0,0,1,0,0,0,1,0,1,0,0,0,0,1,0,0,0,1,0,0,0,0,0,0,0
33,1,101.00,2,93.70,150.00,64.00,52.60,1940,4,92,2.91,3.41,9.20,76,6000,30.00,34.00,6529,1,0,1,1,0,0,0,0,0,0,1,0,0,0,0,0,0,0,0,0,0,0,0,0,0,0,0,0,0,1,0,0,0,1,0,1,0,0,0,0,1,0,0,0,1,0,0,0,0,0,0,0
34,1,101.00,2,93.70,150.00,64.00,52.60,1956,4,92,2.91,3.41,9.20,76,6000,30.00,34.00,7129,1,0,1,1,0,0,0,0,0,0,1,0,0,0,0,0,0,0,0,0,0,0,0,0,0,0,0,0,0,1,0,0,0,1,0,1,0,0,0,0,1,0,0,0,1,0,0,0,0,0,0,0
35,0,110.00,4,96.50,163.40,64.00,54.50,2010,4,92,2.91,3.41,9.20,76,6000,30.00,34.00,7295,1,0,1,1,0,0,0,0,0,0,1,0,0,0,0,0,0,0,0,0,0,0,0,0,0,0,0,0,0,0,1,0,0,1,0,1,0,0,0,0,1,0,0,0,1,0,0,0,0,0,0,0
36,0,78.00,4,96.50,157.10,63.90,58.30,2024,4,92,2.92,3.41,9.20,76,6000,30.00,34.00,7295,1,0,1,1,0,0,0,0,0,0,1,0,0,0,0,0,0,0,0,0,0,0,0,0,0,0,0,0,0,0,0,1,0,1,0,1,0,0,0,0,1,0,0,0,1,0,0,0,0,0,0,0
37,0,106.00,2,96.50,167.50,65.20,53.30,2236,4,110,3.15,3.58,9.00,86,5800,27.00,33.00,7895,1,0,1,1,0,0,0,0,0,0,1,0,0,0,0,0,0,0,0,0,0,0,0,0,0,0,0,0,0,1,0,0,0,1,0,1,0,0,0,0,1,0,0,0,1,0,0,0,0,0,0,0
38,0,106.00,2,96.50,167.50,65.20,53.30,2289,4,110,3.15,3.58,9.00,86,5800,27.00,33.00,9095,1,0,1,1,0,0,0,0,0,0,1,0,0,0,0,0,0,0,0,0,0,0,0,0,0,0,0,0,0,1,0,0,0,1,0,1,0,0,0,0,1,0,0,0,1,0,0,0,0,0,0,0
39,0,85.00,4,96.50,175.40,65.20,54.10,2304,4,110,3.15,3.58,9.00,86,5800,27.00,33.00,8845,1,0,1,1,0,0,0,0,0,0,1,0,0,0,0,0,0,0,0,0,0,0,0,0,0,0,0,0,0,0,1,0,0,1,0,1,0,0,0,0,1,0,0,0,1,0,0,0,0,0,0,0
40,0,85.00,4,96.50,175.40,62.50,54.10,2372,4,110,3.15,3.58,9.00,86,5800,27.00,33.00,10295,1,0,1,1,0,0,0,0,0,0,1,0,0,0,0,0,0,0,0,0,0,0,0,0,0,0,0,0,0,0,1,0,0,1,0,1,0,0,0,0,1,0,0,0,1,0,0,0,0,0,0,0
41,0,85.00,4,96.50,175.40,65.20,54.10,2465,4,110,3.15,3.58,9.00,101,5800,24.00,28.00,12945,2,0,1,1,0,0,0,0,0,0,1,0,0,0,0,0,0,0,0,0,0,0,0,0,0,0,0,0,0,0,1,0,0,1,0,1,0,0,0,0,1,0,0,0,0,0,0,0,0,1,0,0
42,1,107.00,2,96.50,169.10,66.00,51.00,2293,4,110,3.15,3.58,9.10,100,5500,25.00,31.00,10345,2,0,1,1,0,0,0,0,0,0,1,0,0,0,0,0,0,0,0,0,0,0,0,0,0,0,0,0,0,0,1,0,0,1,0,1,0,0,0,0,1,0,0,0,0,1,0,0,0,0,0,0
43,0,122.00,4,94.30,170.70,61.80,53.50,2337,4,111,3.31,3.23,8.50,78,4800,24.00,29.00,6785,1,0,1,1,0,0,0,0,0,0,0,1,0,0,0,0,0,0,0,0,0,0,0,0,0,0,0,0,0,0,1,0,0,0,1,1,0,0,0,0,1,0,0,0,0,1,0,0,0,0,0,0
44,1,122.00,2,94.50,155.90,63.60,52.00,1874,4,90,3.03,3.11,9.60,70,5400,38.00,43.00,13207,1,0,1,1,0,0,0,0,0,0,0,1,0,0,0,0,0,0,0,0,0,0,0,0,0,0,0,0,0,0,1,0,0,1,0,1,0,0,0,0,1,0,0,0,0,1,0,0,0,0,0,0
45,0,122.00,4,94.50,155.90,63.60,52.00,1909,4,90,3.03,3.11,9.60,70,5400,38.00,43.00,13207,1,0,1,1,0,0,0,0,0,0,0,1,0,0,0,0,0,0,0,0,0,0,0,0,0,0,0,0,0,0,1,0,0,1,0,1,0,0,0,0,1,0,0,0,0,1,0,0,0,0,0,0
46,2,122.00,2,96.00,172.60,65.20,51.40,2734,4,119,3.43,3.23,9.20,90,5000,24.00,29.00,11048,1,0,1,1,0,0,0,0,0,0,0,1,0,0,0,0,0,0,0,0,0,0,0,0,0,0,0,0,0,1,0,0,0,0,1,1,0,0,0,0,1,0,0,0,0,0,0,0,0,0,0,1
47,0,145.00,4,113.00,199.60,69.60,52.80,4066,6,207,3.63,3.86,8.10,176,4750,15.00,19.00,29568,3,0,1,1,0,0,0,0,0,0,0,0,1,0,0,0,0,0,0,0,0,0,0,0,0,0,0,0,0,0,1,0,0,0,1,1,0,1,0,0,0,0,0,0,0,0,0,0,0,1,0,0
48,0,122.00,4,113.00,199.60,69.60,52.80,4066,6,207,3.63,3.86,8.10,176,4750,15.00,19.00,29568,3,0,1,1,0,0,0,0,0,0,0,0,1,0,0,0,0,0,0,0,0,0,0,0,0,0,0,0,0,0,1,0,0,0,1,1,0,1,0,0,0,0,0,0,0,0,0,0,0,1,0,0
49,0,122.00,2,102.00,191.70,70.60,47.80,3950,12,207,3.54,2.76,10.60,185,5000,13.00,17.00,29568,3,0,1,1,0,0,0,0,0,0,0,0,1,0,0,0,0,0,0,0,0,0,0,0,0,0,0,0,0,0,1,0,0,0,1,1,0,0,0,0,0,0,1,0,0,0,0,0,0,1,0,0
50,1,104.00,2,93.10,159.10,64.20,54.10,1890,4,91,3.03,3.15,9.00,68,5000,30.00,31.00,5195,1,0,1,1,0,0,0,0,0,0,0,0,0,1,0,0,0,0,0,0,0,0,0,0,0,0,0,0,0,1,0,0,0,1,0,1,0,0,0,0,1,0,0,0,0,1,0,0,0,0,0,0
51,1,104.00,2,93.10,159.10,64.20,54.10,1900,4,91,3.03,3.15,9.00,68,5000,31.00,38.00,6095,1,0,1,1,0,0,0,0,0,0,0,0,0,1,0,0,0,0,0,0,0,0,0,0,0,0,0,0,0,1,0,0,0,1,0,1,0,0,0,0,1,0,0,0,0,1,0,0,0,0,0,0
52,1,104.00,2,93.10,159.10,64.20,54.10,1905,4,91,3.03,3.15,9.00,68,5000,31.00,38.00,6795,1,0,1,1,0,0,0,0,0,0,0,0,0,1,0,0,0,0,0,0,0,0,0,0,0,0,0,0,0,1,0,0,0,1,0,1,0,0,0,0,1,0,0,0,0,1,0,0,0,0,0,0
53,1,113.00,4,93.10,166.80,64.20,54.10,1945,4,91,3.03,3.15,9.00,68,5000,31.00,38.00,6695,1,0,1,1,0,0,0,0,0,0,0,0,0,1,0,0,0,0,0,0,0,0,0,0,0,0,0,0,0,0,1,0,0,1,0,1,0,0,0,0,1,0,0,0,0,1,0,0,0,0,0,0
54,1,113.00,4,93.10,166.80,64.20,54.10,1950,4,91,3.08,3.15,9.00,68,5000,31.00,38.00,7395,1,0,1,1,0,0,0,0,0,0,0,0,0,1,0,0,0,0,0,0,0,0,0,0,0,0,0,0,0,0,1,0,0,1,0,1,0,0,0,0,1,0,0,0,0,1,0,0,0,0,0,0
55,3,150.00,2,95.30,169.00,65.70,49.60,2380,2,70,3.33,3.26,9.40,101,6000,17.00,23.00,10945,2,0,1,1,0,0,0,0,0,0,0,0,0,1,0,0,0,0,0,0,0,0,0,0,0,0,0,0,0,1,0,0,0,0,1,1,0,0,0,0,0,0,0,1,0,0,1,0,0,0,0,0
56,3,150.00,2,95.30,169.00,65.70,49.60,2380,2,70,3.33,3.26,9.40,101,6000,17.00,23.00,11845,2,0,1,1,0,0,0,0,0,0,0,0,0,1,0,0,0,0,0,0,0,0,0,0,0,0,0,0,0,1,0,0,0,0,1,1,0,0,0,0,0,0,0,1,0,0,1,0,0,0,0,0
57,3,150.00,2,95.30,169.00,65.70,49.60,2385,2,70,3.33,3.26,9.40,101,6000,17.00,23.00,13645,2,0,1,1,0,0,0,0,0,0,0,0,0,1,0,0,0,0,0,0,0,0,0,0,0,0,0,0,0,1,0,0,0,0,1,1,0,0,0,0,0,0,0,1,0,0,1,0,0,0,0,0
58,3,150.00,2,95.30,169.00,65.70,49.60,2500,2,80,3.33,3.26,9.40,135,6000,16.00,23.00,15645,2,0,1,1,0,0,0,0,0,0,0,0,0,1,0,0,0,0,0,0,0,0,0,0,0,0,0,0,0,1,0,0,0,0,1,1,0,0,0,0,0,0,0,1,0,0,0,0,0,1,0,0
59,1,129.00,2,98.80,177.80,66.50,53.70,2385,4,122,3.39,3.39,8.60,84,4800,26.00,32.00,8845,1,0,1,1,0,0,0,0,0,0,0,0,0,1,0,0,0,0,0,0,0,0,0,0,0,0,0,0,0,1,0,0,0,1,0,1,0,0,0,0,1,0,0,0,0,1,0,0,0,0,0,0
60,0,115.00,4,98.80,177.80,66.50,55.50,2410,4,122,3.39,3.39,8.60,84,4800,26.00,32.00,8495,1,0,1,1,0,0,0,0,0,0,0,0,0,1,0,0,0,0,0,0,0,0,0,0,0,0,0,0,0,0,1,0,0,1,0,1,0,0,0,0,1,0,0,0,0,1,0,0,0,0,0,0
61,1,129.00,2,98.80,177.80,66.50,53.70,2385,4,122,3.39,3.39,8.60,84,4800,26.00,32.00,10595,1,0,1,1,0,0,0,0,0,0,0,0,0,1,0,0,0,0,0,0,0,0,0,0,0,0,0,0,0,1,0,0,0,1,0,1,0,0,0,0,1,0,0,0,0,1,0,0,0,0,0,0
62,0,115.00,4,98.80,177.80,66.50,55.50,2410,4,122,3.39,3.39,8.60,84,4800,26.00,32.00,10245,1,0,1,1,0,0,0,0,0,0,0,0,0,1,0,0,0,0,0,0,0,0,0,0,0,0,0,0,0,0,1,0,0,1,0,1,0,0,0,0,1,0,0,0,0,1,0,0,0,0,0,0
63,0,122.00,4,98.80,177.80,66.50,55.50,2443,4,122,3.39,3.39,10.60,64,4650,36.00,42.00,10795,1,1,0,1,0,0,0,0,0,0,0,0,0,1,0,0,0,0,0,0,0,0,0,0,0,0,0,0,0,0,1,0,0,1,0,1,0,0,0,0,1,0,0,0,0,0,0,1,0,0,0,0
64,0,115.00,4,98.80,177.80,66.50,55.50,2425,4,122,3.39,3.39,8.60,84,4800,26.00,32.00,11245,1,0,1,1,0,0,0,0,0,0,0,0,0,1,0,0,0,0,0,0,0,0,0,0,0,0,0,0,0,1,0,0,0,1,0,1,0,0,0,0,1,0,0,0,0,1,0,0,0,0,0,0
65,0,118.00,4,104.90,175.00,66.10,54.40,2670,4,140,3.76,3.16,8.00,120,5000,19.00,27.00,18280,2,0,1,1,0,0,0,0,0,0,0,0,0,1,0,0,0,0,0,0,0,0,0,0,0,0,0,0,0,0,1,0,0,0,1,1,0,0,0,0,1,0,0,0,0,0,0,0,0,1,0,0
66,0,122.00,4,104.90,175.00,66.10,54.40,2700,4,134,3.43,3.64,10.60,72,4200,31.00,39.00,18344,1,1,0,1,0,0,0,0,0,0,0,0,0,1,0,0,0,0,0,0,0,0,0,0,0,0,0,0,0,0,1,0,0,0,1,1,0,0,0,0,1,0,0,0,0,0,0,1,0,0,0,0
67,-1,93.00,4,110.00,190.90,70.30,56.50,3515,5,183,3.58,3.64,10.60,123,4350,22.00,25.00,25552,2,1,0,0,1,0,0,0,0,0,0,0,0,0,1,0,0,0,0,0,0,0,0,0,0,0,0,0,0,0,1,0,0,0,1,1,0,0,0,0,1,0,0,0,0,0,0,1,0,0,0,0
68,-1,93.00,4,110.00,190.90,70.30,58.70,3750,5,183,3.58,3.64,10.60,123,4350,22.00,25.00,28248,2,1,0,0,1,0,0,0,0,0,0,0,0,0,1,0,0,0,0,0,0,0,0,0,0,0,0,0,0,0,0,1,0,0,1,1,0,0,0,0,1,0,0,0,0,0,0,1,0,0,0,0
69,0,93.00,2,106.70,187.50,70.30,54.90,3495,5,183,3.58,3.64,10.60,123,4350,22.00,25.00,28176,2,1,0,0,1,0,0,0,0,0,0,0,0,0,1,0,0,0,0,0,0,0,0,0,0,0,0,0,1,0,0,0,0,0,1,1,0,0,0,0,1,0,0,0,0,0,0,1,0,0,0,0
70,-1,93.00,4,114.25,202.60,71.10,56.30,3770,5,183,3.58,3.64,10.60,123,4350,22.00,25.00,29568,2,1,0,0,1,0,0,0,0,0,0,0,0,0,1,0,0,0,0,0,0,0,0,0,0,0,0,0,0,0,1,0,0,0,1,1,0,0,0,0,1,0,0,0,0,0,0,1,0,0,0,0
71,-1,122.00,4,114.25,202.60,71.10,56.50,3740,8,207,3.46,3.10,8.30,155,4750,16.00,18.00,29568,3,0,1,1,0,0,0,0,0,0,0,0,0,0,1,0,0,0,0,0,0,0,0,0,0,0,0,0,0,0,1,0,0,0,1,1,0,0,0,0,0,0,1,0,0,0,0,0,0,1,0,0
72,3,142.00,2,96.60,180.30,70.50,50.80,3685,8,207,3.46,3.10,8.30,155,4750,16.00,18.00,29568,3,0,1,1,0,0,0,0,0,0,0,0,0,0,1,0,0,0,0,0,0,0,0,0,0,0,0,1,0,0,0,0,0,0,1,1,0,0,0,0,0,0,1,0,0,0,0,0,0,1,0,0
73,0,122.00,4,114.25,208.10,71.10,56.70,3900,8,207,3.80,3.35,8.00,184,4500,14.00,16.00,29568,3,0,1,1,0,0,0,0,0,0,0,0,0,0,1,0,0,0,0,0,0,0,0,0,0,0,0,0,0,0,1,0,0,0,1,1,0,0,0,0,0,0,1,0,0,0,0,0,0,1,0,0
74,1,122.00,2,112.00,199.20,71.10,55.40,3715,8,207,3.80,3.35,8.00,184,4500,14.00,16.00,29568,3,0,1,1,0,0,0,0,0,0,0,0,0,0,1,0,0,0,0,0,0,0,0,0,0,0,0,0,1,0,0,0,0,0,1,1,0,0,0,0,0,0,1,0,0,0,0,0,0,1,0,0
75,1,122.00,2,102.70,178.40,68.00,54.80,2910,4,140,3.78,3.12,8.00,175,5000,19.00,24.00,16503,3,0,1,0,1,0,0,0,0,0,0,0,0,0,0,1,0,0,0,0,0,0,0,0,0,0,0,0,0,1,0,0,0,0,1,1,0,0,0,0,1,0,0,0,0,0,0,0,0,1,0,0
76,2,161.00,2,93.70,157.30,64.40,50.80,1918,4,92,2.97,3.23,9.40,68,5500,37.00,41.00,5389,1,0,1,1,0,0,0,0,0,0,0,0,0,0,0,0,1,0,0,0,0,0,0,0,0,0,0,0,0,1,0,0,0,1,0,1,0,0,0,0,1,0,0,0,0,1,0,0,0,0,0,0
77,2,161.00,2,93.70,157.30,64.40,50.80,1944,4,92,2.97,3.23,9.40,68,5500,31.00,38.00,6189,1,0,1,1,0,0,0,0,0,0,0,0,0,0,0,0,1,0,0,0,0,0,0,0,0,0,0,0,0,1,0,0,0,1,0,1,0,0,0,0,1,0,0,0,0,1,0,0,0,0,0,0
78,2,161.00,2,93.70,157.30,64.40,50.80,2004,4,92,2.97,3.23,9.40,68,5500,31.00,38.00,6669,1,0,1,1,0,0,0,0,0,0,0,0,0,0,0,0,1,0,0,0,0,0,0,0,0,0,0,0,0,1,0,0,0,1,0,1,0,0,0,0,1,0,0,0,0,1,0,0,0,0,0,0
79,1,161.00,2,93.00,157.30,63.80,50.80,2145,4,98,3.03,3.39,7.60,102,5500,24.00,30.00,7689,2,0,1,0,1,0,0,0,0,0,0,0,0,0,0,0,1,0,0,0,0,0,0,0,0,0,0,0,0,1,0,0,0,1,0,1,0,0,0,0,1,0,0,0,0,0,0,0,0,0,1,0
80,3,153.00,2,96.30,173.00,65.40,49.40,2370,4,110,3.17,3.46,7.50,116,5500,23.00,30.00,9959,2,0,1,0,1,0,0,0,0,0,0,0,0,0,0,0,1,0,0,0,0,0,0,0,0,0,0,0,0,1,0,0,0,1,0,1,0,0,0,0,1,0,0,0,0,0,0,0,0,0,1,0
81,3,153.00,2,96.30,173.00,65.40,49.40,2328,4,122,3.35,3.46,8.50,88,5000,25.00,32.00,8499,1,0,1,1,0,0,0,0,0,0,0,0,0,0,0,0,1,0,0,0,0,0,0,0,0,0,0,0,0,1,0,0,0,1,0,1,0,0,0,0,1,0,0,0,0,1,0,0,0,0,0,0
82,3,122.00,2,95.90,173.20,66.30,50.20,2833,4,156,3.58,3.86,7.40,145,5000,19.00,24.00,12629,3,0,1,0,1,0,0,0,0,0,0,0,0,0,0,0,1,0,0,0,0,0,0,0,0,0,0,0,0,1,0,0,0,1,0,1,0,0,0,0,1,0,0,0,0,0,0,0,0,0,1,0
83,3,122.00,2,95.90,173.20,66.30,50.20,2921,4,156,3.59,3.86,7.40,145,5000,19.00,24.00,14869,3,0,1,0,1,0,0,0,0,0,0,0,0,0,0,0,1,0,0,0,0,0,0,0,0,0,0,0,0,1,0,0,0,1,0,1,0,0,0,0,1,0,0,0,0,0,0,0,0,0,1,0
84,3,122.00,2,95.90,173.20,66.30,50.20,2926,4,156,3.59,3.86,7.40,145,5000,19.00,24.00,14489,3,0,1,0,1,0,0,0,0,0,0,0,0,0,0,0,1,0,0,0,0,0,0,0,0,0,0,0,0,1,0,0,0,1,0,1,0,0,0,0,1,0,0,0,0,0,0,0,0,0,1,0
85,1,125.00,4,96.30,172.40,65.40,51.60,2365,4,122,3.35,3.46,8.50,88,5000,25.00,32.00,6989,1,0,1,1,0,0,0,0,0,0,0,0,0,0,0,0,1,0,0,0,0,0,0,0,0,0,0,0,0,0,1,0,0,1,0,1,0,0,0,0,1,0,0,0,0,1,0,0,0,0,0,0
86,1,125.00,4,96.30,172.40,65.40,51.60,2405,4,122,3.35,3.46,8.50,88,5000,25.00,32.00,8189,1,0,1,1,0,0,0,0,0,0,0,0,0,0,0,0,1,0,0,0,0,0,0,0,0,0,0,0,0,0,1,0,0,1,0,1,0,0,0,0,1,0,0,0,0,1,0,0,0,0,0,0
87,1,125.00,4,96.30,172.40,65.40,51.60,2403,4,110,3.17,3.46,7.50,116,5500,23.00,30.00,9279,2,0,1,0,1,0,0,0,0,0,0,0,0,0,0,0,1,0,0,0,0,0,0,0,0,0,0,0,0,0,1,0,0,1,0,1,0,0,0,0,1,0,0,0,0,0,0,0,0,0,1,0
88,-1,137.00,4,96.30,172.40,65.40,51.60,2403,4,110,3.17,3.46,7.50,116,5500,23.00,30.00,9279,2,0,1,1,0,0,0,0,0,0,0,0,0,0,0,0,1,0,0,0,0,0,0,0,0,0,0,0,0,0,1,0,0,1,0,1,0,0,0,0,1,0,0,0,0,0,0,0,0,0,1,0
89,1,128.00,2,94.50,165.30,63.80,54.50,1889,4,97,3.15,3.29,9.40,69,5200,31.00,37.00,5499,1,0,1,1,0,0,0,0,0,0,0,0,0,0,0,0,0,1,0,0,0,0,0,0,0,0,0,0,0,0,1,0,0,1,0,1,0,0,0,0,1,0,0,0,0,1,0,0,0,0,0,0
90,1,128.00,2,94.50,165.30,63.80,54.50,2017,4,103,2.99,3.47,10.60,55,4800,45.00,47.50,7099,1,1,0,1,0,0,0,0,0,0,0,0,0,0,0,0,0,1,0,0,0,0,0,0,0,0,0,0,0,0,1,0,0,1,0,1,0,0,0,0,1,0,0,0,0,0,0,1,0,0,0,0
91,1,128.00,2,94.50,165.30,63.80,54.50,1918,4,97,3.15,3.29,9.40,69,5200,31.00,37.00,6649,1,0,1,1,0,0,0,0,0,0,0,0,0,0,0,0,0,1,0,0,0,0,0,0,0,0,0,0,0,0,1,0,0,1,0,1,0,0,0,0,1,0,0,0,0,1,0,0,0,0,0,0
92,1,122.00,4,94.50,165.30,63.80,54.50,1938,4,97,3.15,3.29,9.40,69,5200,31.00,37.00,6849,1,0,1,1,0,0,0,0,0,0,0,0,0,0,0,0,0,1,0,0,0,0,0,0,0,0,0,0,0,0,1,0,0,1,0,1,0,0,0,0,1,0,0,0,0,1,0,0,0,0,0,0
93,1,103.00,4,94.50,170.20,63.80,53.50,2024,4,97,3.15,3.29,9.40,69,5200,31.00,37.00,7349,1,0,1,1,0,0,0,0,0,0,0,0,0,0,0,0,0,1,0,0,0,0,0,0,0,0,0,0,0,0,0,1,0,1,0,1,0,0,0,0,1,0,0,0,0,1,0,0,0,0,0,0
94,1,128.00,2,94.50,165.30,63.80,54.50,1951,4,97,3.15,3.29,9.40,69,5200,31.00,37.00,7299,1,0,1,1,0,0,0,0,0,0,0,0,0,0,0,0,0,1,0,0,0,0,0,0,0,0,0,0,0,0,1,0,0,1,0,1,0,0,0,0,1,0,0,0,0,1,0,0,0,0,0,0
95,1,128.00,2,94.50,165.60,63.80,53.30,2028,4,97,3.15,3.29,9.40,69,5200,31.00,37.00,7799,1,0,1,1,0,0,0,0,0,0,0,0,0,0,0,0,0,1,0,0,0,0,0,0,0,0,0,0,0,1,0,0,0,1,0,1,0,0,0,0,1,0,0,0,0,1,0,0,0,0,0,0
96,1,122.00,4,94.50,165.30,63.80,54.50,1971,4,97,3.15,3.29,9.40,69,5200,31.00,37.00,7499,1,0,1,1,0,0,0,0,0,0,0,0,0,0,0,0,0,1,0,0,0,0,0,0,0,0,0,0,0,0,1,0,0,1,0,1,0,0,0,0,1,0,0,0,0,1,0,0,0,0,0,0
97,1,103.00,4,94.50,170.20,63.80,53.50,2037,4,97,3.15,3.29,9.40,69,5200,31.00,37.00,7999,1,0,1,1,0,0,0,0,0,0,0,0,0,0,0,0,0,1,0,0,0,0,0,0,0,0,0,0,0,0,0,1,0,1,0,1,0,0,0,0,1,0,0,0,0,1,0,0,0,0,0,0
98,2,168.00,2,95.10,162.40,63.80,53.30,2008,4,97,3.15,3.29,9.40,69,5200,31.00,37.00,8249,1,0,1,1,0,0,0,0,0,0,0,0,0,0,0,0,0,1,0,0,0,0,0,0,0,0,0,0,1,0,0,0,0,1,0,1,0,0,0,0,1,0,0,0,0,1,0,0,0,0,0,0
99,0,106.00,4,97.20,173.40,65.20,54.70,2324,4,120,3.33,3.47,8.50,97,5200,27.00,34.00,8949,2,0,1,1,0,0,0,0,0,0,0,0,0,0,0,0,0,1,0,0,0,0,0,0,0,0,0,0,0,1,0,0,0,1,0,1,0,0,0,0,1,0,0,0,0,1,0,0,0,0,0,0
100,0,106.00,4,97.20,173.40,65.20,54.70,2302,4,120,3.33,3.47,8.50,97,5200,27.00,34.00,9549,2,0,1,1,0,0,0,0,0,0,0,0,0,0,0,0,0,1,0,0,0,0,0,0,0,0,0,0,0,0,1,0,0,1,0,1,0,0,0,0,1,0,0,0,0,1,0,0,0,0,0,0
101,0,128.00,4,100.40,181.70,66.50,55.10,3095,6,181,3.43,3.27,9.00,152,5200,17.00,22.00,13499,3,0,1,1,0,0,0,0,0,0,0,0,0,0,0,0,0,1,0,0,0,0,0,0,0,0,0,0,0,0,1,0,0,1,0,1,0,0,0,0,0,0,1,0,0,0,0,0,0,1,0,0
102,0,108.00,4,100.40,184.60,66.50,56.10,3296,6,181,3.43,3.27,9.00,152,5200,17.00,22.00,14399,3,0,1,1,0,0,0,0,0,0,0,0,0,0,0,0,0,1,0,0,0,0,0,0,0,0,0,0,0,0,0,1,0,1,0,1,0,0,0,0,0,0,1,0,0,0,0,0,0,1,0,0
103,0,108.00,4,100.40,184.60,66.50,55.10,3060,6,181,3.43,3.27,9.00,152,5200,19.00,25.00,13499,3,0,1,1,0,0,0,0,0,0,0,0,0,0,0,0,0,1,0,0,0,0,0,0,0,0,0,0,0,0,1,0,0,1,0,1,0,0,0,0,0,0,1,0,0,0,0,0,0,1,0,0
104,3,191.00,2,91.30,170.70,67.90,49.70,3071,6,181,3.43,3.27,9.00,160,5200,19.00,25.00,17199,3,0,1,1,0,0,0,0,0,0,0,0,0,0,0,0,0,1,0,0,0,0,0,0,0,0,0,0,0,1,0,0,0,0,1,1,0,0,0,0,0,0,1,0,0,0,0,0,0,1,0,0
105,3,191.00,2,91.30,170.70,67.90,49.70,3139,6,181,3.43,3.27,7.80,185,5200,17.00,23.00,19699,3,0,1,0,1,0,0,0,0,0,0,0,0,0,0,0,0,1,0,0,0,0,0,0,0,0,0,0,0,1,0,0,0,0,1,1,0,0,0,0,0,0,1,0,0,0,0,0,0,1,0,0
106,1,191.00,2,99.20,178.50,67.90,49.70,3139,6,181,3.43,3.27,9.00,160,5200,19.00,25.00,18399,3,0,1,1,0,0,0,0,0,0,0,0,0,0,0,0,0,1,0,0,0,0,0,0,0,0,0,0,0,1,0,0,0,0,1,1,0,0,0,0,0,0,1,0,0,0,0,0,0,1,0,0
107,0,161.00,4,107.90,186.70,68.40,56.70,3020,4,120,3.46,3.19,8.40,97,5000,19.00,24.00,11900,2,0,1,1,0,0,0,0,0,0,0,0,0,0,0,0,0,0,1,0,0,0,0,0,0,0,0,0,0,0,1,0,0,0,1,1,0,0,0,1,0,0,0,0,0,0,0,0,0,1,0,0
108,0,161.00,4,107.90,186.70,68.40,56.70,3197,4,152,3.70,3.52,10.60,95,4150,28.00,33.00,13200,2,1,0,0,1,0,0,0,0,0,0,0,0,0,0,0,0,0,1,0,0,0,0,0,0,0,0,0,0,0,1,0,0,0,1,1,0,0,0,1,0,0,0,0,0,0,0,1,0,0,0,0
109,0,122.00,4,114.20,198.90,68.40,58.70,3230,4,120,3.46,3.19,8.40,97,5000,19.00,24.00,12440,2,0,1,1,0,0,0,0,0,0,0,0,0,0,0,0,0,0,1,0,0,0,0,0,0,0,0,0,0,0,0,1,0,0,1,1,0,0,0,1,0,0,0,0,0,0,0,0,0,1,0,0
110,0,122.00,4,114.20,198.90,68.40,58.70,3430,4,152,3.70,3.52,10.60,95,4150,25.00,25.00,13860,2,1,0,0,1,0,0,0,0,0,0,0,0,0,0,0,0,0,1,0,0,0,0,0,0,0,0,0,0,0,0,1,0,0,1,1,0,0,0,1,0,0,0,0,0,0,0,1,0,0,0,0
111,0,161.00,4,107.90,186.70,68.40,56.70,3075,4,120,3.46,2.66,8.40,95,5000,19.00,24.00,15580,2,0,1,1,0,0,0,0,0,0,0,0,0,0,0,0,0,0,1,0,0,0,0,0,0,0,0,0,0,0,1,0,0,0,1,1,0,0,0,1,0,0,0,0,0,0,0,0,0,1,0,0
112,0,161.00,4,107.90,186.70,68.40,56.70,3252,4,152,3.70,3.52,10.60,95,4150,28.00,33.00,16900,2,1,0,0,1,0,0,0,0,0,0,0,0,0,0,0,0,0,1,0,0,0,0,0,0,0,0,0,0,0,1,0,0,0,1,1,0,0,0,1,0,0,0,0,0,0,0,1,0,0,0,0
113,0,122.00,4,114.20,198.90,68.40,56.70,3285,4,120,3.46,2.66,8.40,95,5000,19.00,24.00,16695,2,0,1,1,0,0,0,0,0,0,0,0,0,0,0,0,0,0,1,0,0,0,0,0,0,0,0,0,0,0,0,1,0,0,1,1,0,0,0,1,0,0,0,0,0,0,0,0,0,1,0,0
114,0,122.00,4,114.20,198.90,68.40,58.70,3485,4,152,3.70,3.52,10.60,95,4150,25.00,25.00,17075,2,1,0,0,1,0,0,0,0,0,0,0,0,0,0,0,0,0,1,0,0,0,0,0,0,0,0,0,0,0,0,1,0,0,1,1,0,0,0,1,0,0,0,0,0,0,0,1,0,0,0,0
115,0,161.00,4,107.90,186.70,68.40,56.70,3075,4,120,3.46,3.19,8.40,97,5000,19.00,24.00,16630,2,0,1,1,0,0,0,0,0,0,0,0,0,0,0,0,0,0,1,0,0,0,0,0,0,0,0,0,0,0,1,0,0,0,1,1,0,0,0,1,0,0,0,0,0,0,0,0,0,1,0,0
116,0,161.00,4,107.90,186.70,68.40,56.70,3252,4,152,3.70,3.52,10.60,95,4150,28.00,33.00,17950,2,1,0,0,1,0,0,0,0,0,0,0,0,0,0,0,0,0,1,0,0,0,0,0,0,0,0,0,0,0,1,0,0,0,1,1,0,0,0,1,0,0,0,0,0,0,0,1,0,0,0,0
117,0,161.00,4,108.00,186.70,68.30,56.00,3130,4,134,3.61,3.21,7.40,142,5600,18.00,24.00,18150,3,0,1,0,1,0,0,0,0,0,0,0,0,0,0,0,0,0,1,0,0,0,0,0,0,0,0,0,0,0,1,0,0,0,1,1,0,0,0,1,0,0,0,0,0,0,0,0,0,1,0,0
118,1,119.00,2,93.70,157.30,63.80,50.80,1918,4,90,2.97,3.23,9.40,68,5500,37.00,41.00,5572,1,0,1,1,0,0,0,0,0,0,0,0,0,0,0,0,0,0,0,1,0,0,0,0,0,0,0,0,0,1,0,0,0,1,0,1,0,0,0,0,1,0,0,0,0,1,0,0,0,0,0,0
119,1,119.00,2,93.70,157.30,63.80,50.80,2128,4,98,3.03,3.39,7.60,102,5500,24.00,30.00,7957,2,0,1,0,1,0,0,0,0,0,0,0,0,0,0,0,0,0,0,1,0,0,0,0,0,0,0,0,0,1,0,0,0,1,0,1,0,0,0,0,1,0,0,0,0,0,0,0,0,0,1,0
120,1,154.00,4,93.70,157.30,63.80,50.60,1967,4,90,2.97,3.23,9.40,68,5500,31.00,38.00,6229,1,0,1,1,0,0,0,0,0,0,0,0,0,0,0,0,0,0,0,1,0,0,0,0,0,0,0,0,0,1,0,0,0,1,0,1,0,0,0,0,1,0,0,0,0,1,0,0,0,0,0,0
121,1,154.00,4,93.70,167.30,63.80,50.80,1989,4,90,2.97,3.23,9.40,68,5500,31.00,38.00,6692,1,0,1,1,0,0,0,0,0,0,0,0,0,0,0,0,0,0,0,1,0,0,0,0,0,0,0,0,0,0,1,0,0,1,0,1,0,0,0,0,1,0,0,0,0,1,0,0,0,0,0,0
122,1,154.00,4,93.70,167.30,63.80,50.80,2191,4,98,2.97,3.23,9.40,68,5500,31.00,38.00,7609,1,0,1,1,0,0,0,0,0,0,0,0,0,0,0,0,0,0,0,1,0,0,0,0,0,0,0,0,0,0,1,0,0,1,0,1,0,0,0,0,1,0,0,0,0,1,0,0,0,0,0,0
123,-1,74.00,4,103.30,174.60,64.60,59.80,2535,4,122,3.35,3.46,8.50,88,5000,24.00,30.00,8921,1,0,1,1,0,0,0,0,0,0,0,0,0,0,0,0,0,0,0,1,0,0,0,0,0,0,0,0,0,0,0,1,0,1,0,1,0,0,0,0,1,0,0,0,0,1,0,0,0,0,0,0
124,3,122.00,2,95.90,173.20,66.30,50.20,2818,4,156,3.59,3.86,7.40,145,5000,19.00,24.00,12764,3,0,1,0,1,0,0,0,0,0,0,0,0,0,0,0,0,0,0,1,0,0,0,0,0,0,0,0,0,1,0,0,0,0,1,1,0,0,0,0,1,0,0,0,0,0,0,0,0,0,1,0
125,3,186.00,2,94.50,168.90,68.30,50.20,2778,4,151,3.94,3.11,9.50,143,5500,19.00,27.00,22018,3,0,1,1,0,0,0,0,0,0,0,0,0,0,0,0,0,0,0,0,1,0,0,0,0,0,0,0,0,1,0,0,0,0,1,1,0,0,0,0,1,0,0,0,0,0,0,0,0,1,0,0
126,3,122.00,2,89.50,168.90,65.00,51.60,2756,6,194,3.74,2.90,9.50,185,5900,17.00,25.00,29568,3,0,1,1,0,0,0,0,0,0,0,0,0,0,0,0,0,0,0,0,1,0,0,0,0,0,0,0,1,0,0,0,0,0,1,0,1,0,0,0,0,1,0,0,0,0,0,0,0,1,0,0
127,3,122.00,2,89.50,168.90,65.00,51.60,2756,6,194,3.74,2.90,9.50,185,5900,17.00,25.00,29568,3,0,1,1,0,0,0,0,0,0,0,0,0,0,0,0,0,0,0,0,1,0,0,0,0,0,0,0,1,0,0,0,0,0,1,0,1,0,0,0,0,1,0,0,0,0,0,0,0,1,0,0
128,3,122.00,2,89.50,168.90,65.00,51.60,2800,6,194,3.74,2.90,9.50,185,5900,17.00,25.00,29568,3,0,1,1,0,0,0,0,0,0,0,0,0,0,0,0,0,0,0,0,1,0,0,0,0,0,0,1,0,0,0,0,0,0,1,0,1,0,0,0,0,1,0,0,0,0,0,0,0,1,0,0
129,1,122.00,2,98.40,175.70,71.10,50.50,3366,8,203,3.94,3.11,10.00,185,5750,17.00,28.00,13207,3,0,1,1,0,0,0,0,0,0,0,0,0,0,0,0,0,0,0,0,1,0,0,0,0,0,0,0,0,1,0,0,0,0,1,1,0,0,1,0,0,0,0,0,0,0,0,0,0,1,0,0
130,0,122.00,4,96.10,181.50,66.50,55.20,2579,4,132,3.46,3.86,8.70,104,5125,23.00,31.00,9295,2,0,1,1,0,0,0,0,0,0,0,0,0,0,0,0,0,0,0,0,0,1,0,0,0,0,0,0,0,0,0,1,0,1,0,1,0,0,0,0,1,0,0,0,0,0,0,0,0,1,0,0
131,2,122.00,2,96.10,176.80,66.60,50.50,2460,4,132,3.46,3.86,8.70,104,5125,23.00,31.00,9895,2,0,1,1,0,0,0,0,0,0,0,0,0,0,0,0,0,0,0,0,0,1,0,0,0,0,0,0,0,1,0,0,0,1,0,1,0,0,0,0,1,0,0,0,0,0,0,0,0,1,0,0
132,3,150.00,2,99.10,186.60,66.50,56.10,2658,4,121,3.54,3.07,9.31,110,5250,21.00,28.00,11850,2,0,1,1,0,0,0,0,0,0,0,0,0,0,0,0,0,0,0,0,0,0,1,0,0,0,0,0,0,1,0,0,0,1,0,1,0,0,0,0,1,0,0,0,0,0,0,0,0,1,0,0
133,2,104.00,4,99.10,186.60,66.50,56.10,2695,4,121,3.54,3.07,9.30,110,5250,21.00,28.00,12170,2,0,1,1,0,0,0,0,0,0,0,0,0,0,0,0,0,0,0,0,0,0,1,0,0,0,0,0,0,0,1,0,0,1,0,1,0,0,0,0,1,0,0,0,0,0,0,0,0,1,0,0
134,3,150.00,2,99.10,186.60,66.50,56.10,2707,4,121,2.54,2.66,9.30,110,5250,21.00,28.00,15040,2,0,1,1,0,0,0,0,0,0,0,0,0,0,0,0,0,0,0,0,0,0,1,0,0,0,0,0,0,1,0,0,0,1,0,1,0,0,0,0,1,0,0,0,0,0,0,0,0,1,0,0
135,2,104.00,4,99.10,186.60,66.50,56.10,2758,4,121,3.54,3.07,9.30,110,5250,21.00,28.00,15510,2,0,1,1,0,0,0,0,0,0,0,0,0,0,0,0,0,0,0,0,0,0,1,0,0,0,0,0,0,0,1,0,0,1,0,1,0,0,0,0,1,0,0,0,0,0,0,0,0,1,0,0
136,3,150.00,2,99.10,186.60,66.50,56.10,2808,4,121,3.54,3.07,9.00,160,5500,19.00,26.00,18150,3,0,1,0,1,0,0,0,0,0,0,0,0,0,0,0,0,0,0,0,0,0,1,0,0,0,0,0,0,1,0,0,0,1,0,1,0,1,0,0,0,0,0,0,0,0,0,0,0,1,0,0
137,2,104.00,4,99.10,186.60,66.50,56.10,2847,4,121,3.54,3.07,9.00,160,5500,19.00,26.00,18620,3,0,1,0,1,0,0,0,0,0,0,0,0,0,0,0,0,0,0,0,0,0,1,0,0,0,0,0,0,0,1,0,0,1,0,1,0,1,0,0,0,0,0,0,0,0,0,0,0,1,0,0
138,2,83.00,2,93.70,156.90,63.40,53.70,2050,4,97,3.62,2.66,9.00,69,4900,31.00,36.00,5118,1,0,1,1,0,0,0,0,0,0,0,0,0,0,0,0,0,0,0,0,0,0,0,1,0,0,0,0,0,1,0,0,0,1,0,1,0,0,0,0,0,1,0,0,0,1,0,0,0,0,0,0
139,2,83.00,2,93.70,157.90,63.60,53.70,2120,4,108,3.62,2.66,8.70,73,4400,26.00,31.00,7053,1,0,1,1,0,0,0,0,0,0,0,0,0,0,0,0,0,0,0,0,0,0,0,1,0,0,0,0,0,1,0,0,0,1,0,1,0,0,0,0,0,1,0,0,0,1,0,0,0,0,0,0
140,2,83.00,2,93.30,157.30,63.80,55.70,2240,4,108,3.62,2.66,8.70,73,4400,26.00,31.00,7603,1,0,1,1,0,0,0,0,0,0,0,0,0,0,0,0,0,0,0,0,0,0,0,1,0,0,0,0,0,1,0,0,1,0,0,1,0,0,0,0,0,1,0,0,0,1,0,0,0,0,0,0
141,0,102.00,4,97.20,172.00,65.40,52.50,2145,4,108,3.62,2.66,9.50,82,4800,32.00,37.00,7126,1,0,1,1,0,0,0,0,0,0,0,0,0,0,0,0,0,0,0,0,0,0,0,1,0,0,0,0,0,0,1,0,0,1,0,1,0,0,0,0,0,1,0,0,0,1,0,0,0,0,0,0
142,0,102.00,4,97.20,172.00,65.40,52.50,2190,4,108,3.62,2.66,9.50,82,4400,28.00,33.00,7775,1,0,1,1,0,0,0,0,0,0,0,0,0,0,0,0,0,0,0,0,0,0,0,1,0,0,0,0,0,0,1,0,0,1,0,1,0,0,0,0,0,1,0,0,0,1,0,0,0,0,0,0
143,0,102.00,4,97.20,172.00,65.40,52.50,2340,4,108,3.62,2.66,9.00,94,5200,26.00,32.00,9960,2,0,1,1,0,0,0,0,0,0,0,0,0,0,0,0,0,0,0,0,0,0,0,1,0,0,0,0,0,0,1,0,0,1,0,1,0,0,0,0,0,1,0,0,0,0,0,0,0,1,0,0
144,0,102.00,4,97.00,172.00,65.40,54.30,2385,4,108,3.62,2.66,9.00,82,4800,24.00,25.00,9233,1,0,1,1,0,0,0,0,0,0,0,0,0,0,0,0,0,0,0,0,0,0,0,1,0,0,0,0,0,0,1,0,1,0,0,1,0,0,0,0,0,1,0,0,0,1,0,0,0,0,0,0
145,0,102.00,4,97.00,172.00,65.40,54.30,2510,4,108,3.62,2.66,7.70,111,4800,24.00,29.00,11259,2,0,1,0,1,0,0,0,0,0,0,0,0,0,0,0,0,0,0,0,0,0,0,1,0,0,0,0,0,0,1,0,1,0,0,1,0,0,0,0,0,1,0,0,0,0,0,0,0,1,0,0
146,0,89.00,4,97.00,173.50,65.40,53.00,2290,4,108,3.62,2.66,9.00,82,4800,28.00,32.00,7463,1,0,1,1,0,0,0,0,0,0,0,0,0,0,0,0,0,0,0,0,0,0,0,1,0,0,0,0,0,0,0,1,0,1,0,1,0,0,0,0,0,1,0,0,0,1,0,0,0,0,0,0
147,0,89.00,4,97.00,173.50,65.40,53.00,2455,4,108,3.62,2.66,9.00,94,5200,25.00,31.00,10198,2,0,1,1,0,0,0,0,0,0,0,0,0,0,0,0,0,0,0,0,0,0,0,1,0,0,0,0,0,0,0,1,0,1,0,1,0,0,0,0,0,1,0,0,0,0,0,0,0,1,0,0
148,0,85.00,4,96.90,173.60,65.40,54.90,2420,4,108,3.62,2.66,9.00,82,4800,23.00,29.00,8013,1,0,1,1,0,0,0,0,0,0,0,0,0,0,0,0,0,0,0,0,0,0,0,1,0,0,0,0,0,0,0,1,1,0,0,1,0,0,0,0,0,1,0,0,0,1,0,0,0,0,0,0
149,0,85.00,4,96.90,173.60,65.40,54.90,2650,4,108,3.62,2.66,7.70,111,4800,23.00,23.00,11694,2,0,1,0,1,0,0,0,0,0,0,0,0,0,0,0,0,0,0,0,0,0,0,1,0,0,0,0,0,0,0,1,1,0,0,1,0,0,0,0,0,1,0,0,0,0,0,0,0,1,0,0
150,1,87.00,2,95.70,158.70,63.60,54.50,1985,4,92,3.05,3.03,9.00,62,4800,35.00,39.00,5348,1,0,1,1,0,0,0,0,0,0,0,0,0,0,0,0,0,0,0,0,0,0,0,0,1,0,0,0,0,1,0,0,0,1,0,1,0,0,0,0,1,0,0,0,0,1,0,0,0,0,0,0
151,1,87.00,2,95.70,158.70,63.60,54.50,2040,4,92,3.05,3.03,9.00,62,4800,31.00,38.00,6338,1,0,1,1,0,0,0,0,0,0,0,0,0,0,0,0,0,0,0,0,0,0,0,0,1,0,0,0,0,1,0,0,0,1,0,1,0,0,0,0,1,0,0,0,0,1,0,0,0,0,0,0
152,1,74.00,4,95.70,158.70,63.60,54.50,2015,4,92,3.05,3.03,9.00,62,4800,31.00,38.00,6488,1,0,1,1,0,0,0,0,0,0,0,0,0,0,0,0,0,0,0,0,0,0,0,0,1,0,0,0,0,1,0,0,0,1,0,1,0,0,0,0,1,0,0,0,0,1,0,0,0,0,0,0
153,0,77.00,4,95.70,169.70,63.60,59.10,2280,4,92,3.05,3.03,9.00,62,4800,31.00,37.00,6918,1,0,1,1,0,0,0,0,0,0,0,0,0,0,0,0,0,0,0,0,0,0,0,0,1,0,0,0,0,0,0,1,0,1,0,1,0,0,0,0,1,0,0,0,0,1,0,0,0,0,0,0
154,0,81.00,4,95.70,169.70,63.60,59.10,2290,4,92,3.05,3.03,9.00,62,4800,27.00,32.00,7898,1,0,1,1,0,0,0,0,0,0,0,0,0,0,0,0,0,0,0,0,0,0,0,0,1,0,0,0,0,0,0,1,1,0,0,1,0,0,0,0,1,0,0,0,0,1,0,0,0,0,0,0
155,0,91.00,4,95.70,169.70,63.60,59.10,3110,4,92,3.05,3.03,9.00,62,4800,27.00,32.00,8778,1,0,1,1,0,0,0,0,0,0,0,0,0,0,0,0,0,0,0,0,0,0,0,0,1,0,0,0,0,0,0,1,1,0,0,1,0,0,0,0,1,0,0,0,0,1,0,0,0,0,0,0
156,0,91.00,4,95.70,166.30,64.40,53.00,2081,4,98,3.19,3.03,9.00,70,4800,30.00,37.00,6938,1,0,1,1,0,0,0,0,0,0,0,0,0,0,0,0,0,0,0,0,0,0,0,0,1,0,0,0,0,0,1,0,0,1,0,1,0,0,0,0,1,0,0,0,0,1,0,0,0,0,0,0
157,0,91.00,4,95.70,166.30,64.40,52.80,2109,4,98,3.19,3.03,9.00,70,4800,30.00,37.00,7198,1,0,1,1,0,0,0,0,0,0,0,0,0,0,0,0,0,0,0,0,0,0,0,0,1,0,0,0,0,1,0,0,0,1,0,1,0,0,0,0,1,0,0,0,0,1,0,0,0,0,0,0
158,0,91.00,4,95.70,166.30,64.40,53.00,2275,4,110,3.27,3.35,10.60,56,4500,34.00,36.00,7898,1,1,0,1,0,0,0,0,0,0,0,0,0,0,0,0,0,0,0,0,0,0,0,0,1,0,0,0,0,0,1,0,0,1,0,1,0,0,0,0,1,0,0,0,0,0,0,1,0,0,0,0
159,0,91.00,4,95.70,166.30,64.40,52.80,2275,4,110,3.27,3.35,10.60,56,4500,38.00,47.00,7788,1,1,0,1,0,0,0,0,0,0,0,0,0,0,0,0,0,0,0,0,0,0,0,0,1,0,0,0,0,1,0,0,0,1,0,1,0,0,0,0,1,0,0,0,0,0,0,1,0,0,0,0
160,0,91.00,4,95.70,166.30,64.40,53.00,2094,4,98,3.19,3.03,9.00,70,4800,38.00,47.00,7738,1,0,1,1,0,0,0,0,0,0,0,0,0,0,0,0,0,0,0,0,0,0,0,0,1,0,0,0,0,0,1,0,0,1,0,1,0,0,0,0,1,0,0,0,0,1,0,0,0,0,0,0
161,0,91.00,4,95.70,166.30,64.40,52.80,2122,4,98,3.19,3.03,9.00,70,4800,28.00,34.00,8358,1,0,1,1,0,0,0,0,0,0,0,0,0,0,0,0,0,0,0,0,0,0,0,0,1,0,0,0,0,1,0,0,0,1,0,1,0,0,0,0,1,0,0,0,0,1,0,0,0,0,0,0
162,0,91.00,4,95.70,166.30,64.40,52.80,2140,4,98,3.19,3.03,9.00,70,4800,28.00,34.00,9258,1,0,1,1,0,0,0,0,0,0,0,0,0,0,0,0,0,0,0,0,0,0,0,0,1,0,0,0,0,0,1,0,0,1,0,1,0,0,0,0,1,0,0,0,0,1,0,0,0,0,0,0
163,1,168.00,2,94.50,168.70,64.00,52.60,2169,4,98,3.19,3.03,9.00,70,4800,29.00,34.00,8058,1,0,1,1,0,0,0,0,0,0,0,0,0,0,0,0,0,0,0,0,0,0,0,0,1,0,0,0,0,0,1,0,0,0,1,1,0,0,0,0,1,0,0,0,0,1,0,0,0,0,0,0
164,1,168.00,2,94.50,168.70,64.00,52.60,2204,4,98,3.19,3.03,9.00,70,4800,29.00,34.00,8238,1,0,1,1,0,0,0,0,0,0,0,0,0,0,0,0,0,0,0,0,0,0,0,0,1,0,0,0,0,1,0,0,0,0,1,1,0,0,0,0,1,0,0,0,0,1,0,0,0,0,0,0
165,1,168.00,2,94.50,168.70,64.00,52.60,2265,4,98,3.24,3.08,9.40,112,6550,26.00,29.00,9298,2,0,1,1,0,0,0,0,0,0,0,0,0,0,0,0,0,0,0,0,0,0,0,0,1,0,0,0,0,0,1,0,0,0,1,1,0,1,0,0,0,0,0,0,0,0,0,0,0,1,0,0
166,1,168.00,2,94.50,168.70,64.00,52.60,2300,4,98,3.24,3.08,9.40,112,6550,26.00,29.00,9538,2,0,1,1,0,0,0,0,0,0,0,0,0,0,0,0,0,0,0,0,0,0,0,0,1,0,0,0,0,1,0,0,0,0,1,1,0,1,0,0,0,0,0,0,0,0,0,0,0,1,0,0
167,2,134.00,2,98.40,176.20,65.60,52.00,2540,4,146,3.62,3.50,9.30,116,4800,24.00,30.00,8449,2,0,1,1,0,0,0,0,0,0,0,0,0,0,0,0,0,0,0,0,0,0,0,0,1,0,0,0,1,0,0,0,0,0,1,1,0,0,0,0,1,0,0,0,0,0,0,0,0,1,0,0
168,2,134.00,2,98.40,176.20,65.60,52.00,2536,4,146,3.62,3.50,9.30,116,4800,24.00,30.00,9639,2,0,1,1,0,0,0,0,0,0,0,0,0,0,0,0,0,0,0,0,0,0,0,0,1,0,0,0,1,0,0,0,0,0,1,1,0,0,0,0,1,0,0,0,0,0,0,0,0,1,0,0
169,2,134.00,2,98.40,176.20,65.60,52.00,2551,4,146,3.62,3.50,9.30,116,4800,24.00,30.00,9989,2,0,1,1,0,0,0,0,0,0,0,0,0,0,0,0,0,0,0,0,0,0,0,0,1,0,0,0,0,1,0,0,0,0,1,1,0,0,0,0,1,0,0,0,0,0,0,0,0,1,0,0
170,2,134.00,2,98.40,176.20,65.60,52.00,2679,4,146,3.62,3.50,9.30,116,4800,24.00,30.00,11199,2,0,1,1,0,0,0,0,0,0,0,0,0,0,0,0,0,0,0,0,0,0,0,0,1,0,0,0,1,0,0,0,0,0,1,1,0,0,0,0,1,0,0,0,0,0,0,0,0,1,0,0
171,2,134.00,2,98.40,176.20,65.60,52.00,2714,4,146,3.62,3.50,9.30,116,4800,24.00,30.00,11549,2,0,1,1,0,0,0,0,0,0,0,0,0,0,0,0,0,0,0,0,0,0,0,0,1,0,0,0,0,1,0,0,0,0,1,1,0,0,0,0,1,0,0,0,0,0,0,0,0,1,0,0
172,2,134.00,2,98.40,176.20,65.60,53.00,2975,4,146,3.62,3.50,9.30,116,4800,24.00,30.00,17669,2,0,1,1,0,0,0,0,0,0,0,0,0,0,0,0,0,0,0,0,0,0,0,0,1,0,0,1,0,0,0,0,0,0,1,1,0,0,0,0,1,0,0,0,0,0,0,0,0,1,0,0
173,-1,65.00,4,102.40,175.60,66.50,54.90,2326,4,122,3.31,3.54,8.70,92,4200,29.00,34.00,8948,1,0,1,1,0,0,0,0,0,0,0,0,0,0,0,0,0,0,0,0,0,0,0,0,1,0,0,0,0,0,1,0,0,1,0,1,0,0,0,0,1,0,0,0,0,0,0,0,0,1,0,0
174,-1,65.00,4,102.40,175.60,66.50,54.90,2480,4,110,3.27,3.35,10.60,73,4500,30.00,33.00,10698,1,1,0,0,1,0,0,0,0,0,0,0,0,0,0,0,0,0,0,0,0,0,0,0,1,0,0,0,0,0,1,0,0,1,0,1,0,0,0,0,1,0,0,0,0,0,0,1,0,0,0,0
175,-1,65.00,4,102.40,175.60,66.50,53.90,2414,4,122,3.31,3.54,8.70,92,4200,27.00,32.00,9988,1,0,1,1,0,0,0,0,0,0,0,0,0,0,0,0,0,0,0,0,0,0,0,0,1,0,0,0,0,1,0,0,0,1,0,1,0,0,0,0,1,0,0,0,0,0,0,0,0,1,0,0
176,-1,65.00,4,102.40,175.60,66.50,54.90,2414,4,122,3.31,3.54,8.70,92,4200,27.00,32.00,10898,1,0,1,1,0,0,0,0,0,0,0,0,0,0,0,0,0,0,0,0,0,0,0,0,1,0,0,0,0,0,1,0,0,1,0,1,0,0,0,0,1,0,0,0,0,0,0,0,0,1,0,0
177,-1,65.00,4,102.40,175.60,66.50,53.90,2458,4,122,3.31,3.54,8.70,92,4200,27.00,32.00,11248,1,0,1,1,0,0,0,0,0,0,0,0,0,0,0,0,0,0,0,0,0,0,0,0,1,0,0,0,0,1,0,0,0,1,0,1,0,0,0,0,1,0,0,0,0,0,0,0,0,1,0,0
178,3,191.00,2,102.90,183.50,67.70,52.00,2976,6,171,3.27,3.35,9.30,161,5200,20.00,24.00,16558,3,0,1,1,0,0,0,0,0,0,0,0,0,0,0,0,0,0,0,0,0,0,0,0,1,0,0,0,0,1,0,0,0,0,1,1,0,1,0,0,0,0,0,0,0,0,0,0,0,1,0,0
179,3,191.00,2,102.90,183.50,67.70,52.00,3016,6,171,3.27,3.35,9.30,161,5200,19.00,24.00,15998,3,0,1,1,0,0,0,0,0,0,0,0,0,0,0,0,0,0,0,0,0,0,0,0,1,0,0,0,0,1,0,0,0,0,1,1,0,1,0,0,0,0,0,0,0,0,0,0,0,1,0,0
180,-1,90.00,4,104.50,187.80,66.50,54.10,3131,6,171,3.27,3.35,9.20,156,5200,20.00,24.00,15690,3,0,1,1,0,0,0,0,0,0,0,0,0,0,0,0,0,0,0,0,0,0,0,0,1,0,0,0,0,0,1,0,0,0,1,1,0,1,0,0,0,0,0,0,0,0,0,0,0,1,0,0
181,-1,122.00,4,104.50,187.80,66.50,54.10,3151,6,161,3.27,3.35,9.20,156,5200,19.00,24.00,15750,3,0,1,1,0,0,0,0,0,0,0,0,0,0,0,0,0,0,0,0,0,0,0,0,1,0,0,0,0,0,0,1,0,0,1,1,0,1,0,0,0,0,0,0,0,0,0,0,0,1,0,0
182,2,122.00,2,97.30,171.70,65.50,55.70,2261,4,97,3.01,3.40,10.60,52,4800,37.00,46.00,7775,1,1,0,1,0,0,0,0,0,0,0,0,0,0,0,0,0,0,0,0,0,0,0,0,0,1,0,0,0,0,1,0,0,1,0,1,0,0,0,0,1,0,0,0,0,0,0,1,0,0,0,0
183,2,122.00,2,97.30,171.70,65.50,55.70,2209,4,109,3.19,3.40,9.00,85,5250,27.00,34.00,7975,1,0,1,1,0,0,0,0,0,0,0,0,0,0,0,0,0,0,0,0,0,0,0,0,0,1,0,0,0,0,1,0,0,1,0,1,0,0,0,0,1,0,0,0,0,0,0,0,0,1,0,0
184,2,94.00,4,97.30,171.70,65.50,55.70,2264,4,97,3.01,3.40,10.60,52,4800,37.00,46.00,7995,1,1,0,1,0,0,0,0,0,0,0,0,0,0,0,0,0,0,0,0,0,0,0,0,0,1,0,0,0,0,1,0,0,1,0,1,0,0,0,0,1,0,0,0,0,0,0,1,0,0,0,0
185,2,94.00,4,97.30,171.70,65.50,55.70,2212,4,109,3.19,3.40,9.00,85,5250,27.00,34.00,8195,1,0,1,1,0,0,0,0,0,0,0,0,0,0,0,0,0,0,0,0,0,0,0,0,0,1,0,0,0,0,1,0,0,1,0,1,0,0,0,0,1,0,0,0,0,0,0,0,0,1,0,0
186,2,94.00,4,97.30,171.70,65.50,55.70,2275,4,109,3.19,3.40,9.00,85,5250,27.00,34.00,8495,1,0,1,1,0,0,0,0,0,0,0,0,0,0,0,0,0,0,0,0,0,0,0,0,0,1,0,0,0,0,1,0,0,1,0,1,0,0,0,0,1,0,0,0,0,0,0,0,0,1,0,0
187,2,94.00,4,97.30,171.70,65.50,55.70,2319,4,97,3.01,3.40,10.60,68,4500,37.00,42.00,9495,1,1,0,0,1,0,0,0,0,0,0,0,0,0,0,0,0,0,0,0,0,0,0,0,0,1,0,0,0,0,1,0,0,1,0,1,0,0,0,0,1,0,0,0,0,0,0,1,0,0,0,0
188,2,94.00,4,97.30,171.70,65.50,55.70,2300,4,109,3.19,3.40,10.00,100,5500,26.00,32.00,9995,2,0,1,1,0,0,0,0,0,0,0,0,0,0,0,0,0,0,0,0,0,0,0,0,0,1,0,0,0,0,1,0,0,1,0,1,0,0,0,0,1,0,0,0,0,0,0,0,0,1,0,0
189,3,122.00,2,94.50,159.30,64.20,55.60,2254,4,109,3.19,3.40,8.50,90,5500,24.00,29.00,11595,1,0,1,1,0,0,0,0,0,0,0,0,0,0,0,0,0,0,0,0,0,0,0,0,0,1,0,1,0,0,0,0,0,1,0,1,0,0,0,0,1,0,0,0,0,0,0,0,0,1,0,0
190,3,191.00,2,94.50,165.70,64.00,51.40,2221,4,109,3.19,3.40,8.50,90,5500,24.00,29.00,9980,1,0,1,1,0,0,0,0,0,0,0,0,0,0,0,0,0,0,0,0,0,0,0,0,0,1,0,0,0,1,0,0,0,1,0,1,0,0,0,0,1,0,0,0,0,0,0,0,0,1,0,0
191,0,122.00,4,100.40,180.20,66.90,55.10,2661,5,136,3.19,3.40,8.50,110,5500,19.00,24.00,13295,2,0,1,1,0,0,0,0,0,0,0,0,0,0,0,0,0,0,0,0,0,0,0,0,0,1,0,0,0,0,1,0,0,1,0,1,0,0,0,0,1,0,0,0,0,0,0,0,0,1,0,0
192,0,122.00,4,100.40,180.20,66.90,55.10,2579,4,97,3.01,3.40,10.60,68,4500,33.00,38.00,13845,1,1,0,0,1,0,0,0,0,0,0,0,0,0,0,0,0,0,0,0,0,0,0,0,0,1,0,0,0,0,1,0,0,1,0,1,0,0,0,0,1,0,0,0,0,0,0,1,0,0,0,0
193,0,122.00,4,100.40,183.10,66.90,55.10,2563,4,109,3.19,3.40,9.00,88,5500,25.00,31.00,12290,1,0,1,1,0,0,0,0,0,0,0,0,0,0,0,0,0,0,0,0,0,0,0,0,0,1,0,0,0,0,0,1,0,1,0,1,0,0,0,0,1,0,0,0,0,0,0,0,0,1,0,0
194,-2,103.00,4,104.30,188.80,67.20,56.20,2912,4,141,3.78,3.15,9.50,114,5400,23.00,28.00,12940,2,0,1,1,0,0,0,0,0,0,0,0,0,0,0,0,0,0,0,0,0,0,0,0,0,0,1,0,0,0,1,0,0,0,1,1,0,0,0,0,1,0,0,0,0,0,0,0,0,1,0,0
195,-1,74.00,4,104.30,188.80,67.20,57.50,3034,4,141,3.78,3.15,9.50,114,5400,23.00,28.00,13415,2,0,1,1,0,0,0,0,0,0,0,0,0,0,0,0,0,0,0,0,0,0,0,0,0,0,1,0,0,0,0,1,0,0,1,1,0,0,0,0,1,0,0,0,0,0,0,0,0,1,0,0
196,-2,103.00,4,104.30,188.80,67.20,56.20,2935,4,141,3.78,3.15,9.50,114,5400,24.00,28.00,15985,2,0,1,1,0,0,0,0,0,0,0,0,0,0,0,0,0,0,0,0,0,0,0,0,0,0,1,0,0,0,1,0,0,0,1,1,0,0,0,0,1,0,0,0,0,0,0,0,0,1,0,0
197,-1,74.00,4,104.30,188.80,67.20,57.50,3042,4,141,3.78,3.15,9.50,114,5400,24.00,28.00,16515,2,0,1,1,0,0,0,0,0,0,0,0,0,0,0,0,0,0,0,0,0,0,0,0,0,0,1,0,0,0,0,1,0,0,1,1,0,0,0,0,1,0,0,0,0,0,0,0,0,1,0,0
198,-2,103.00,4,104.30,188.80,67.20,56.20,3045,4,130,3.62,3.15,7.50,162,5100,17.00,22.00,18420,3,0,1,0,1,0,0,0,0,0,0,0,0,0,0,0,0,0,0,0,0,0,0,0,0,0,1,0,0,0,1,0,0,0,1,1,0,0,0,0,1,0,0,0,0,0,0,0,0,1,0,0
199,-1,74.00,4,104.30,188.80,67.20,57.50,3157,4,130,3.62,3.15,7.50,162,5100,17.00,22.00,18950,3,0,1,0,1,0,0,0,0,0,0,0,0,0,0,0,0,0,0,0,0,0,0,0,0,0,1,0,0,0,0,1,0,0,1,1,0,0,0,0,1,0,0,0,0,0,0,0,0,1,0,0
200,-1,95.00,4,109.10,188.80,68.90,55.50,2952,4,141,3.78,3.15,9.50,114,5400,23.00,28.00,16845,2,0,1,1,0,0,0,0,0,0,0,0,0,0,0,0,0,0,0,0,0,0,0,0,0,0,1,0,0,0,1,0,0,0,1,1,0,0,0,0,1,0,0,0,0,0,0,0,0,1,0,0
201,-1,95.00,4,109.10,188.80,68.80,55.50,3049,4,141,3.78,3.15,8.70,160,5300,19.00,25.00,19045,3,0,1,0,1,0,0,0,0,0,0,0,0,0,0,0,0,0,0,0,0,0,0,0,0,0,1,0,0,0,1,0,0,0,1,1,0,0,0,0,1,0,0,0,0,0,0,0,0,1,0,0
202,-1,95.00,4,109.10,188.80,68.90,55.50,3012,6,173,3.58,2.87,8.80,134,5500,18.00,23.00,21485,2,0,1,1,0,0,0,0,0,0,0,0,0,0,0,0,0,0,0,0,0,0,0,0,0,0,1,0,0,0,1,0,0,0,1,1,0,0,0,0,0,0,1,0,0,0,0,0,0,1,0,0
203,-1,95.00,4,109.10,188.80,68.90,55.50,3217,6,145,3.01,3.40,10.60,106,4800,26.00,27.00,22470,2,1,0,0,1,0,0,0,0,0,0,0,0,0,0,0,0,0,0,0,0,0,0,0,0,0,1,0,0,0,1,0,0,0,1,1,0,0,0,0,1,0,0,0,0,0,0,1,0,0,0,0
204,-1,95.00,4,109.10,188.80,68.90,55.50,3062,4,141,3.78,3.15,9.50,114,5400,19.00,25.00,22625,2,0,1,0,1,0,0,0,0,0,0,0,0,0,0,0,0,0,0,0,0,0,0,0,0,0,1,0,0,0,1,0,0,0,1,1,0,0,0,0,1,0,0,0,0,0,0,0,0,1,0,0
